"","term","estimate","std.error","statistic","p.value"
"1","(Intercept)",-0.117365350281801,0.0983958681880213,-1.19278738470534,0.234048455759071
"2","LnPrice",0.0367744623639713,0.025379123556187,1.4490044261204,0.148550674333414
"3","LnPrint",0.0147760849973152,0.00460017874215778,3.21206757944024,0.00148518905832
"4","LnOut",-0.01262205486868,0.00578570435775033,-2.18159347388221,0.0300423405364139
"5","LnBroad",-0.00576371888278852,0.00515845932394433,-1.11733339759698,0.264891199837527
