"","term","estimate","std.error","statistic","p.value"
"1","(Intercept)",-2.03303203338492,0.582065142362541,-3.4927912452085,0.000562603341551171
"2","PricePerUnit",-0.00010651582770238,0.000286725251233272,-0.371490921166624,0.710577996802976
"3","LnPrint",0.0186947250706784,0.00443802392355568,4.21239844414819,3.49915682948886e-05
"4","LnOut",-0.00701556366669331,0.00599648430761211,-1.16994613957174,0.243106463487682
"5","LnBroad",0.00394677049013477,0.00581591072196994,0.67861607215283,0.497991766785887
"6","LagTotalMinusSales",3.27015276544808e-05,9.33424174331517e-06,3.50339412174539,0.000541660972464775
